filename,product_id,page_title,slug,short_description,full_description,seo_title,meta_description
BRD_5996.JPG,EN-HEMP-SEED-OIL-250ML,"Eco Natural Hemp Seed Oil – 250 ml","eco-natural-hemp-seed-oil-250ml","A smooth, plant-based oil with a mild nutty profile and a clean, natural character.","Eco Natural Hemp Seed Oil is a premium cold-use oil made for kitchens that value distinctive flavor and natural ingredients. Its mild nutty taste and smooth texture make it a versatile addition to salads, bowls, and finishing applications where a gentle, earthy note is desired.","Eco Natural Hemp Seed Oil 250 ml | Premium Plant-Based Oil","Discover Eco Natural Hemp Seed Oil 250 ml, a premium plant-based oil with a mild nutty flavor, smooth texture, and versatile cold-use appeal."
BRD_5979.JPG,EN-CAROB-EXTRACT-680G,"Eco Natural Carob Extract – 680 g","eco-natural-carob-extract-680g","A rich and naturally sweet carob extract with deep traditional character.","Eco Natural Carob Extract offers a full-bodied sweetness and a dense, satisfying texture inspired by traditional pantry staples. This 680 g format is ideal for regular home use, whether served at breakfast, enjoyed by the spoon, or used in desserts and sweet preparations.","Eco Natural Carob Extract 680 g | Rich Traditional Sweetness","Shop Eco Natural Carob Extract 680 g, a rich and naturally sweet carob spread with full-bodied flavor for breakfast, desserts, and daily use."
BRD_5987.JPG,EN-CAROB-EXTRACT-340G,"Eco Natural Carob Extract – 340 g","eco-natural-carob-extract-340g","A concentrated carob extract with smooth texture and deep, naturally sweet flavor.","Eco Natural Carob Extract in the 340 g size delivers the same rich traditional taste in a more compact format. It is a practical everyday option for those who want a dense, aromatic sweet spread for breakfast tables, simple desserts, or direct serving.","Eco Natural Carob Extract 340 g | Smooth & Naturally Sweet","Explore Eco Natural Carob Extract 340 g, a concentrated and naturally sweet carob spread with smooth texture and everyday serving versatility."
BRD_5993.JPG,EN-POMEGRANATE-SOUR-340G,"Eco Natural Pomegranate Sour – 340 g","eco-natural-pomegranate-sour-340g","A bold, tangy pomegranate sour that brings depth and brightness to savory dishes.","Eco Natural Pomegranate Sour is crafted for kitchens that want a sharper, fruit-forward finishing note in everyday cooking. Its sweet-sour balance makes it well suited for salads, marinades, vegetable dishes, and traditional recipes that benefit from extra depth and character.","Eco Natural Pomegranate Sour 340 g | Tangy Kitchen Essential","Buy Eco Natural Pomegranate Sour 340 g, a bold sweet-sour pantry essential for salads, marinades, savory dishes, and traditional recipes."
BRD_6019.JPG,EN-AVOCADO-OIL-250ML,"Eco Natural Avocado Oil – 250 ml","eco-natural-avocado-oil-250ml","A smooth and delicate avocado oil with a refined, clean flavor profile.","Eco Natural Avocado Oil is a premium kitchen oil designed for simple, elegant everyday use. Its clean taste and smooth finish make it a strong choice for salads, drizzling, and finishing dishes where a light and polished oil is preferred.","Eco Natural Avocado Oil 250 ml | Smooth Premium Kitchen Oil","Discover Eco Natural Avocado Oil 250 ml, a clean and delicate premium oil ideal for salads, drizzling, and refined everyday kitchen use."
BRD_5999.JPG,EN-PUMPKIN-SEED-OIL-250ML,"Eco Natural Pumpkin Seed Oil – 250 ml","eco-natural-pumpkin-seed-oil-250ml","A rich, distinctive oil with bold roasted seed character and gourmet appeal.","Eco Natural Pumpkin Seed Oil stands out with its deep flavor and memorable seed-forward profile. It is well suited for salads, cold plates, and specialty serving moments where a stronger, more expressive oil can add character to the dish.","Eco Natural Pumpkin Seed Oil 250 ml | Rich Gourmet Flavor","Shop Eco Natural Pumpkin Seed Oil 250 ml, a bold and flavorful premium oil with roasted seed notes and gourmet cold-use versatility."
BRD_6012.JPG,EN-POMEGRANATE-SEED-OIL-250ML,"Eco Natural Pomegranate Seed Oil – 250 ml","eco-natural-pomegranate-seed-oil-250ml","A specialty seed oil with premium presentation and a distinctive niche profile.","Eco Natural Pomegranate Seed Oil is a standout addition to a curated natural product range. With its elegant presentation and specialty positioning, it appeals to customers seeking uncommon oils with a refined look and a strong premium identity.","Eco Natural Pomegranate Seed Oil 250 ml | Specialty Premium Oil","Explore Eco Natural Pomegranate Seed Oil 250 ml, a distinctive specialty oil with elegant presentation and premium natural product appeal."
BRD_6017.JPG,EN-BLACK-SEED-OIL-250ML,"Eco Natural Black Seed Oil – 250 ml","eco-natural-black-seed-oil-250ml","A bold and aromatic black seed oil with strong traditional character.","Eco Natural Black Seed Oil is designed for customers who appreciate heritage-inspired pantry products with a distinctive identity. Its intense aroma and premium presentation make it a notable option within natural and specialty oil collections.","Eco Natural Black Seed Oil 250 ml | Bold Traditional Oil","Buy Eco Natural Black Seed Oil 250 ml, a bold and aromatic specialty oil with strong traditional appeal and premium presentation."
BRD_6031.JPG,MH-SAFFLOWER-OIL-250ML,"Metis Hierapolis Safflower Oil – 250 ml","metis-hierapolis-safflower-oil-250ml","A light and versatile safflower oil with a clean, premium presentation.","Metis Hierapolis Safflower Oil is a refined plant-based oil suited to simple, everyday culinary use. Its clean profile and polished packaging make it a strong fit for modern kitchens, cold applications, and shelves built around natural specialty products.","Metis Hierapolis Safflower Oil 250 ml | Light Premium Oil","Discover Metis Hierapolis Safflower Oil 250 ml, a light and versatile premium oil for natural kitchens and everyday cold-use applications."
BRD_6033.JPG,EN-THISTLE-SEED-OIL-250ML,"Eco Natural Thistle Seed Oil – 250 ml","eco-natural-thistle-seed-oil-250ml","A distinctive seed oil with bold botanical identity and premium shelf appeal.","Eco Natural Thistle Seed Oil is positioned as a niche specialty product for customers drawn to traditional seed-based oils and distinctive natural ingredients. Its clean packaging and focused identity make it a strong addition to curated wellness and gourmet assortments.","Eco Natural Thistle Seed Oil 250 ml | Specialty Seed Oil","Shop Eco Natural Thistle Seed Oil 250 ml, a premium specialty seed oil with traditional character and strong botanical shelf appeal."
BRD_6037.JPG,EN-POPPY-SEED-OIL-250ML,"Eco Natural Poppy Seed Oil – 250 ml","eco-natural-poppy-seed-oil-250ml","A smooth, elegant specialty oil with a rare and distinctive profile.","Eco Natural Poppy Seed Oil brings a refined and uncommon option to premium oil collections. Its specialty positioning, clean presentation, and distinctive character make it well suited for gourmet kitchens, gift assortments, and natural product shelves that value unique ingredients.","Eco Natural Poppy Seed Oil 250 ml | Elegant Specialty Oil","Discover Eco Natural Poppy Seed Oil 250 ml, a smooth and distinctive specialty oil ideal for gourmet kitchens and premium product ranges."
BRD_6038.JPG,EN-OLIVE-ELIXIR-NA,"Eco Natural Zeytin Sütü (Cold Pressed Olive Elixir)","eco-natural-zeytin-sutu-cold-pressed-olive-elixir","A delicate olive-based elixir with artisanal character and premium presentation.","Eco Natural Zeytin Sütü, presented as a Cold Pressed Olive Elixir, is designed as a refined specialty offering within the olive category. Its elegant visual identity and boutique positioning make it especially suitable for curated food selections, gift-oriented retail, and customers seeking something distinctive beyond standard olive oil formats.","Eco Natural Zeytin Sütü | Cold Pressed Olive Elixir","Explore Eco Natural Zeytin Sütü, a cold pressed olive elixir with delicate character, premium presentation, and boutique specialty appeal."
BRD_6046.JPG,EN-FIG-SEED-OIL-NA,"Eco Natural Fig Seed Oil","eco-natural-fig-seed-oil","A rare and visually distinctive fig seed oil with a refined premium identity.","Eco Natural Fig Seed Oil is a niche specialty product crafted for premium shelves and curated assortments. Its elegant packaging and uncommon product profile make it particularly appealing for gourmet retail, gift selections, and customers looking for unique natural oils.","Eco Natural Fig Seed Oil | Rare Premium Specialty Oil","Discover Eco Natural Fig Seed Oil, a rare and elegant specialty oil designed for boutique retail, gourmet collections, and premium presentation."
BRD_6049.JPG,EN-SALAD-DRESSING-NA,"Eco Natural Salad Dressing","eco-natural-salad-dressing","A ready-to-use salad dressing with bold presentation and everyday convenience.","Eco Natural Salad Dressing is made for simple serving and quick meal preparation without sacrificing a premium look on the shelf. It works well across salads, vegetable dishes, and light cold plates, offering an easy way to add flavor and finish to everyday meals.","Eco Natural Salad Dressing | Ready-to-Use Kitchen Essential","Shop Eco Natural Salad Dressing, a practical and premium ready-to-use dressing for salads, vegetable dishes, and everyday serving."
BRD_6024.JPG,EN-EVOO-500ML-TIN,"Eco Natural Extra Virgin Olive Oil – 500 ml Tin","eco-natural-extra-virgin-olive-oil-500ml-tin","A first cold pressed extra virgin olive oil in a classic tin with premium quality cues.","Eco Natural Extra Virgin Olive Oil in the 500 ml tin format combines everyday practicality with a strong premium identity. Highlighting 0.2 acidity and 349 polyphenols on the packaging, it is positioned as a high-quality olive oil for regular use, serving, and kitchen shelves that value both function and presentation.","Eco Natural Extra Virgin Olive Oil 500 ml Tin","Buy Eco Natural Extra Virgin Olive Oil 500 ml Tin, a first cold pressed olive oil with premium quality cues, 0.2 acidity, and 349 polyphenols."
BRD_6028.JPG,EN-EVOO-1L-TIN,"Eco Natural Extra Virgin Olive Oil – 1 L Tin","eco-natural-extra-virgin-olive-oil-1l-tin","A larger-format extra virgin olive oil designed for regular home and kitchen use.","Eco Natural Extra Virgin Olive Oil in the 1 L tin offers the same premium positioning in a format suited to more frequent use. With 0.2 acidity and 349 polyphenols highlighted on the packaging, it balances quality presentation with practical volume for households and kitchens that rely on olive oil daily.","Eco Natural Extra Virgin Olive Oil 1 L Tin","Discover Eco Natural Extra Virgin Olive Oil 1 L Tin, a first cold pressed olive oil with 0.2 acidity, 349 polyphenols, and practical everyday volume."
BRD_6074.JPG,EN-EH-EVOO-50CL-RECT,"Eco Natural Early Harvest Extra Virgin Olive Oil – 50 cl","eco-natural-early-harvest-extra-virgin-olive-oil-50cl","A premium early harvest extra virgin olive oil in a striking rectangular glass bottle.","This Eco Natural early harvest extra virgin olive oil is positioned as a refined premium product for serving, gifting, and elevated shelf presentation. With 0.1 acidity and 500+ polyphenols highlighted on the label, it combines strong quality signals with a sharp, elegant bottle design.","Eco Natural Early Harvest Extra Virgin Olive Oil 50 cl","Shop Eco Natural Early Harvest Extra Virgin Olive Oil 50 cl with 0.1 acidity, 500+ polyphenols, and premium rectangular bottle presentation."
BRD_6075.JPG,EN-EH-EVOO-NA-SLIM,"Eco Natural Early Harvest Extra Virgin Olive Oil – Slim Bottle","eco-natural-early-harvest-extra-virgin-olive-oil-slim-bottle","A premium early harvest olive oil presented in a tall, elegant slim bottle.","Eco Natural Early Harvest Extra Virgin Olive Oil in this slim bottle format is designed to stand out in specialty retail and gift-oriented collections. The label highlights 0.1 acidity and 500+ polyphenols, pairing premium quality messaging with a clean, elongated silhouette.","Eco Natural Early Harvest EVOO | Slim Bottle","Discover Eco Natural Early Harvest Extra Virgin Olive Oil in a slim premium bottle with 0.1 acidity, 500+ polyphenols, and elegant shelf presence."
BRD_6058.JPG,EN-EH-EVOO-NA-OVAL,"Eco Natural Early Harvest Extra Virgin Olive Oil – Oval Bottle","eco-natural-early-harvest-extra-virgin-olive-oil-oval-bottle","A decorative premium olive oil with artisanal styling and standout visual character.","This special Eco Natural early harvest olive oil variant is designed for premium display, gifting, and boutique shelf appeal. With 0.1 acidity and 500+ polyphenols associated with the line, the oval bottle and decorative styling give it a distinctly artisanal presence.","Eco Natural Early Harvest EVOO | Oval Premium Bottle","Explore Eco Natural Early Harvest Extra Virgin Olive Oil in an oval decorative bottle with premium gifting appeal and refined presentation."
BRD_6065.JPG,EN-EH-EVOO-70CL-TEARDROP,"Eco Natural Early Harvest Extra Virgin Olive Oil – 70 cl","eco-natural-early-harvest-extra-virgin-olive-oil-70cl-teardrop","A premium early harvest extra virgin olive oil in a sculpted teardrop-style glass bottle.","Eco Natural Early Harvest Extra Virgin Olive Oil in the 70 cl teardrop bottle combines premium quality cues with a visually distinctive presentation. Featuring 0.1 acidity and 500+ polyphenols on the label, it is designed for gourmet use, elegant tables, and upscale gifting.","Eco Natural Early Harvest Extra Virgin Olive Oil 70 cl","Buy Eco Natural Early Harvest Extra Virgin Olive Oil 70 cl with 0.1 acidity, 500+ polyphenols, and a sculpted premium bottle design."
BRD_6068.JPG,EN-EH-EVOO-NA-DECO-SQUARE,"Eco Natural Early Harvest Extra Virgin Olive Oil – Decorative Square Bottle","eco-natural-early-harvest-extra-virgin-olive-oil-decorative-square-bottle","A decorative square-bottle premium olive oil made to stand out on shelf and table.","This Eco Natural early harvest olive oil variant pairs the premium line’s refined identity with a more decorative square bottle presentation. Positioned alongside the 0.1 acidity and 500+ polyphenol early harvest range, it suits boutique display, premium food gifting, and elegant kitchen presentation.","Eco Natural Early Harvest EVOO | Decorative Square Bottle","Shop Eco Natural Early Harvest Extra Virgin Olive Oil in a decorative square bottle with premium presentation and early harvest positioning."
BRD_6071.JPG,EN-EH-EVOO-70CL-ROUND,"Eco Natural Early Harvest Extra Virgin Olive Oil – 70 cl Round Bottle","eco-natural-early-harvest-extra-virgin-olive-oil-70cl-round-bottle","A high-end early harvest olive oil in a rounded ornamental glass bottle.","Eco Natural Early Harvest Extra Virgin Olive Oil in this 70 cl round bottle is designed as a premium statement piece for the table, shelf, or gift set. With 0.1 acidity and 500+ polyphenols highlighted on the label, it brings together quality-driven positioning and a distinctive ornamental presentation.","Eco Natural Early Harvest EVOO 70 cl | Round Bottle","Discover Eco Natural Early Harvest Extra Virgin Olive Oil 70 cl in a round ornamental bottle with 0.1 acidity and 500+ polyphenols."
BRD_6083.JPG,SH-EVOO-CHILI-250ML,"Şirince Chili Extra Virgin Olive Oil – 250 ml","sirince-chili-extra-virgin-olive-oil-250ml","A cold pressed extra virgin olive oil infused with chili for a warm, lively finish.","Şirince Chili Extra Virgin Olive Oil combines a clean olive oil base with a gently spicy profile that adds character without overwhelming the dish. It is especially well suited for pizza, pasta, grilled vegetables, meze, and finishing applications where a little heat adds depth.","Şirince Chili Extra Virgin Olive Oil 250 ml","Buy Şirince Chili Extra Virgin Olive Oil 250 ml, a cold pressed infused olive oil with a bold, warm finish for drizzling and serving."
BRD_6085.JPG,SH-EVOO-GARLIC-250ML,"Şirince Garlic Extra Virgin Olive Oil – 250 ml","sirince-garlic-extra-virgin-olive-oil-250ml","A cold pressed garlic-infused olive oil with savory Mediterranean character.","Şirince Garlic Extra Virgin Olive Oil is crafted for easy flavor building in everyday meals. Its aromatic garlic profile makes it a natural fit for marinades, sautéed vegetables, breads, pasta, and salads where a deeper savory note is welcome.","Şirince Garlic Extra Virgin Olive Oil 250 ml","Discover Şirince Garlic Extra Virgin Olive Oil 250 ml, a cold pressed infused oil ideal for salads, marinades, breads, and Mediterranean cooking."
BRD_6087.JPG,SH-EVOO-ROSEMARY-250ML,"Şirince Rosemary Extra Virgin Olive Oil – 250 ml","sirince-rosemary-extra-virgin-olive-oil-250ml","A cold pressed rosemary-infused olive oil with a fragrant herbal profile.","Şirince Rosemary Extra Virgin Olive Oil adds a fresh botanical note to savory dishes and elegant serving moments. It pairs especially well with roasted vegetables, potatoes, grilled meats, focaccia, and finishing applications that benefit from a clean herbal touch.","Şirince Rosemary Extra Virgin Olive Oil 250 ml","Shop Şirince Rosemary Extra Virgin Olive Oil 250 ml, a cold pressed herbal infused oil for roasted dishes, gourmet serving, and Mediterranean meals."
BRD_6078.JPG,SH-EVOO-MANDARIN-250ML,"Şirince Bodrum Mandarin Extra Virgin Olive Oil – 250 ml","sirince-bodrum-mandarin-extra-virgin-olive-oil-250ml","A cold pressed extra virgin olive oil with bright Bodrum mandarin character.","Şirince Bodrum Mandarin Extra Virgin Olive Oil brings citrus freshness into the olive oil category with a light, distinctive profile. It is especially suitable for salads, seafood, creative dressings, and appetizers where a clean, aromatic finish can lift the overall dish.","Şirince Bodrum Mandarin Extra Virgin Olive Oil 250 ml","Explore Şirince Bodrum Mandarin Extra Virgin Olive Oil 250 ml, a cold pressed citrus-infused oil for salads, seafood, and fresh serving."
BRD_6082.JPG,SH-EVOO-PLAIN-250ML,"Şirince Plain Extra Virgin Olive Oil – 250 ml","sirince-plain-extra-virgin-olive-oil-250ml","A classic cold pressed extra virgin olive oil with clean flavor and everyday versatility.","Şirince Plain Extra Virgin Olive Oil is a reliable kitchen staple made for daily use across breakfast tables, salads, simple cooking, and finishing. Its straightforward natural profile and premium presentation make it an easy fit for both home use and retail shelves.","Şirince Plain Extra Virgin Olive Oil 250 ml","Buy Şirince Plain Extra Virgin Olive Oil 250 ml, a cold pressed everyday olive oil with clean flavor and versatile kitchen use."
BRD_6093.JPG,EN-TURKISH-DELIGHT-GIFT-BOX-NA,"Eco Natural Natural Sweet Turkish Delight Gift Box","eco-natural-natural-sweet-turkish-delight-gift-box","A premium Turkish delight gift box with vibrant presentation and modern natural branding.","Eco Natural Natural Sweet Turkish Delight Gift Box is designed for gifting, specialty shelves, and customers looking for a more elevated presentation of a traditional sweet. Its colorful visual identity, Antalya branding, and polished packaging make it suitable for souvenir retail, premium assortments, and festive occasions.","Eco Natural Turkish Delight Gift Box | Natural Sweet","Discover the Eco Natural Natural Sweet Turkish Delight Gift Box, a premium Antalya-branded sweet gift box with elegant presentation and gifting appeal."