filename,product_id,page_title,slug,short_description,full_description,seo_title,meta_description
BRD_5996.JPG,EN-HEMP-SEED-OIL-250ML,Eco Natural Kenevir Tohumu Yağı – 250 ml,eco-natural-hemp-seed-oil-250ml,"Hafif fındık aroması ve temiz, doğal karaktere sahip pürüzsüz, bitki tabanlı yağ.","Eco Natural Kenevir Tohumu Yağı, ayırıcı lezzet ve doğal malzemeleri değerlendiren mutfaklar için tasarlanmış premium soğuk kullanım yağıdır. Hafif fındık tadı ve pürüzsüz dokusu, salatalar, kaseler ve yumuşak, topraklı bir notun arzu edildiği bitirme uygulamalarına çok yönlü bir katkıdır.",Eco Natural Kenevir Tohumu Yağı 250 ml | Premium Bitki Tabanlı Yağ,"Eco Natural Kenevir Tohumu Yağı 250 ml'yi keşfedin, hafif fındık tadı, pürüzsüz doku ve çok yönlü soğuk kullanım ozalitesiyle premium bitki tabanlı yağ."
BRD_5979.JPG,EN-CAROB-EXTRACT-680G,Eco Natural Keçiboynuzu Özütü – 680 g,eco-natural-carob-extract-680g,Derin geleneksel karaktere sahip zengin ve doğal olarak tatlı keçiboynuzu özütü.,"Eco Natural Keçiboynuzu Özütü, geleneksel pantry sabitelerinden ilham alan tam-gövdeli tatllık ve yoğun, tatmin edici doku sunar. Bu 680 g format, kahvaltıda servis edilsin, kaşıkla tadılsın veya tatlı preparasyonlarında kullanılsın, düzenli ev kullanımı için idealdir.",Eco Natural Keçiboynuzu Özütü 680 g | Zengin Geleneksel Tatllık,"Eco Natural Keçiboynuzu Özütü 680 g'yi alışveriş edin, kahvaltı, tatlılar ve günlük kullanım için tam-gövdeli lezzete sahip zengin ve doğal tatlı keçiboynuzu spreadi."
BRD_5987.JPG,EN-CAROB-EXTRACT-340G,Eco Natural Keçiboynuzu Özütü – 340 g,eco-natural-carob-extract-340g,"Pürüzsüz doku ve derin, doğal olarak tatlı lezzete sahip konsantre keçiboynuzu özütü.","340 g boyutundaki Eco Natural Keçiboynuzu Özütü, aynı zengin geleneksel tadı daha kompakt bir formatta sunar. Kahvaltı masalarında, basit tatlılarda veya doğrudan serviste yoğun, aromatik tatlı spread isteyenler için pratik bir günlük seçenektir.",Eco Natural Keçiboynuzu Özütü 340 g | Pürüzsüz & Doğal Olarak Tatlı,"Eco Natural Keçiboynuzu Özütü 340 g'yi keşfedin, konsantre ve doğal olarak tatlı keçiboynuzu spreadi, pürüzsüz doku ve günlük servis çok yönlülüğü."
BRD_5993.JPG,EN-POMEGRANATE-SOUR-340G,Eco Natural Nar Ekşi – 340 g,eco-natural-pomegranate-sour-340g,"Tatlı yemeklere derinlik ve parlaklık getiren cesur, tangy nar ekşi.","Eco Natural Nar Ekşi, günlük pişirmede daha keskin, meyve-ağır bitirme notu isteyen mutfaklar için tasarlanmıştır. Tatlı-ekşi dengesi, salatalar, marine edilen soslar, sebze yemekleri ve ekstra derinlik ve karakterden yararlanan geleneksel tarifler için çok uygundur.",Eco Natural Nar Ekşi 340 g | Tangy Mutfak Temel Öğesi,"Eco Natural Nar Ekşi 340 g'yi satın alın, cesur tatlı-ekşi pantry temel öğesi, salatalar, marine edilen soslar, tatlı yemekler ve geleneksel tarifler için."
BRD_6019.JPG,EN-AVOCADO-OIL-250ML,Eco Natural Avokado Yağı – 250 ml,eco-natural-avocado-oil-250ml,"Rafine, temiz lezzet profiline sahip pürüzsüz ve hassas avokado yağı.","Eco Natural Avokado Yağı, basit, zarafetli günlük kullanım için tasarlanmış premium mutfak yağıdır. Temiz tadı ve pürüzsüz bitişi, hafif ve cilalanmış yağının tercih edildiği salatalar, damlatma ve bitirme yemekleri için güçlü bir seçimdir.",Eco Natural Avokado Yağı 250 ml | Pürüzsüz Premium Mutfak Yağı,"Eco Natural Avokado Yağı 250 ml'yi keşfedin, salatalar, damlatma ve rafine günlük mutfak kullanımı için ideal temiz ve hassas premium yağ."
BRD_5999.JPG,EN-PUMPKIN-SEED-OIL-250ML,Eco Natural Kabak Çekirdeği Yağı – 250 ml,eco-natural-pumpkin-seed-oil-250ml,"Cesur kavrulmuş tohum karakteri ve gourmet cazibesine sahip zengin, ayırıcı yağ.","Eco Natural Kabak Çekirdeği Yağı, derin lezzeti ve akılda kalıcı tohum-ağır profiliyle dikkat çeker. Salatalar, soğuk tabaklar ve daha güçlü, daha etkileyici bir yağın yemeğe karakter katabildiği özel servis anları için çok uygundur.",Eco Natural Kabak Çekirdeği Yağı 250 ml | Zengin Gourmet Lezzet,"Eco Natural Kabak Çekirdeği Yağı 250 ml'yi alışveriş edin, kavrulmuş tohum notları ve gourmet soğuk kullanım çok yönlülüğü ile cesur ve lezzetli premium yağ."
BRD_6012.JPG,EN-POMEGRANATE-SEED-OIL-250ML,Eco Natural Nar Çekirdeği Yağı – 250 ml,eco-natural-pomegranate-seed-oil-250ml,Premium sunumu ve ayırıcı niş profiliyle uzmanlık tohumu yağı.,"Eco Natural Nar Çekirdeği Yağı, seçilmiş doğal ürün rangesi için dikkat çekici bir katkıdır. Zarif sunumu ve uzmanlık konumlandırması ile, sıradan olmayan yağlar arayan ve rafine bir görünüme ve güçlü premium kimliğe sahip müşterileri hedef alır.",Eco Natural Nar Çekirdeği Yağı 250 ml | Uzmanlık Premium Yağı,"Eco Natural Nar Çekirdeği Yağı 250 ml'yi keşfedin, zarif sunumu ve premium doğal ürün cazibesiyle ayırıcı uzmanlık yağı."
BRD_6017.JPG,EN-BLACK-SEED-OIL-250ML,Eco Natural Çörek Otu Yağı – 250 ml,eco-natural-black-seed-oil-250ml,Güçlü geleneksel karaktere sahip cesur ve aromatik çörek otu yağı.,"Eco Natural Çörek Otu Yağı, ayırıcı kimlikle miras-ilham pantry ürünlerini takdir eden müşteriler için tasarlanmıştır. Yoğun aroması ve premium sunumu, doğal ve uzmanlık yağı koleksiyonları içinde dikkate değer bir seçenektir.",Eco Natural Çörek Otu Yağı 250 ml | Cesur Geleneksel Yağ,"Eco Natural Çörek Otu Yağı 250 ml'yi satın alın, güçlü geleneksel cazibeye ve premium sunuma sahip cesur ve aromatik uzmanlık yağı."
BRD_6031.JPG,MH-SAFFLOWER-OIL-250ML,Metis Hierapolis Safran Yağı – 250 ml,metis-hierapolis-safflower-oil-250ml,"Temiz, premium sunuma sahip hafif ve çok yönlü safran yağı.","Metis Hierapolis Safran Yağı, basit, günlük mutfak kullanımı için uygun rafine bitki tabanlı yağıdır. Temiz profili ve cilalanmış ambalajı, modern mutfaklar, soğuk uygulamalar ve doğal uzmanlık ürünlerinin etrafında inşa edilen raflar için güçlü bir seçimdir.",Metis Hierapolis Safran Yağı 250 ml | Hafif Premium Yağ,"Metis Hierapolis Safran Yağı 250 ml'yi keşfedin, doğal mutfaklar ve günlük soğuk kullanım uygulamaları için hafif ve çok yönlü premium yağ."
BRD_6033.JPG,EN-THISTLE-SEED-OIL-250ML,Eco Natural Deve Dikeni Yağı – 250 ml,eco-natural-thistle-seed-oil-250ml,Cesur botaniksel kimlik ve premium raf cazibesiyle ayırıcı tohumu yağı.,"Eco Natural Deve Dikeni Yağı, geleneksel tohum tabanlı yağlar ve ayırıcı doğal malzemelere çekilen müşteriler için niş uzmanlık ürünü olarak konumlandırılır. Temiz ambalajı ve odaklanmış kimliği, seçilmiş wellness ve gourmet seçkilerine güçlü bir katkıdır.",Eco Natural Deve Dikeni Yağı 250 ml | Uzmanlık Tohumu Yağı,"Eco Natural Deve Dikeni Yağı 250 ml'yi alışveriş edin, geleneksel karaktere ve güçlü botaniksel raf cazibesiyle premium uzmanlık tohumu yağı."
BRD_6037.JPG,EN-POPPY-SEED-OIL-250ML,Eco Natural Haşhaş Yağı – 250 ml,eco-natural-poppy-seed-oil-250ml,"Nadir ve ayırıcı profiline sahip pürüzsüz, zarif uzmanlık yağı.","Eco Natural Haşhaş Yağı, premium yağ koleksiyonlarına rafine ve sıradan olmayan seçenek getirir. Uzmanlık konumlandırması, temiz sunumu ve ayırıcı karakteri, benzersiz malzemeleri değerlendiren gourmet mutfaklar, hediye seçkileri ve doğal ürün rafları için çok uygundur.",Eco Natural Haşhaş Yağı 250 ml | Zarif Uzmanlık Yağı,"Eco Natural Haşhaş Yağı 250 ml'yi keşfedin, gourmet mutfaklar ve premium ürün serileri için ideal pürüzsüz ve ayırıcı uzmanlık yağı."
BRD_6038.JPG,EN-OLIVE-ELIXIR-NA,Eco Natural Zeytin Sütü (Soğuk Sıkılmış Zeytin İksiri),eco-natural-zeytin-sutu-cold-pressed-olive-elixir,Artizanal karaktere ve premium sunuma sahip hassas zeytin tabanlı iksir.,"Eco Natural Zeytin Sütü, soğuk sıkılmış zeytin iksiri olarak sunulan, zeytin kategorisi içinde rafine uzmanlık sunumu olarak tasarlanmıştır. Zarif görsel kimliği ve butik konumlandırması, özellikle seçilmiş yemek seçkileri, hediye yönelimli perakende ve standart zeytin yağı formatlarının ötesinde farklı bir şey arayan müşteriler için uygundur.",Eco Natural Zeytin Sütü | Soğuk Sıkılmış Zeytin İksiri,"Eco Natural Zeytin Sütü'nü keşfedin, hassas karakter, premium sunum ve butik uzmanlık cazibesiyle soğuk sıkılmış zeytin iksiri."
BRD_6046.JPG,EN-FIG-SEED-OIL-NA,Eco Natural İncir Çekirdeği Yağı,eco-natural-fig-seed-oil,Rafine premium kimliğe sahip nadir ve görsel olarak ayırıcı incir çekirdeği yağı.,"Eco Natural İncir Çekirdeği Yağı, premium raflar ve seçilmiş seçkiler için hazırlanmış niş uzmanlık ürünüdür. Zarif ambalajı ve sıradan olmayan ürün profili, gourmet perakende, hediye seçkileri ve benzersiz doğal yağlar arayan müşteriler için özellikle cazip.",Eco Natural İncir Çekirdeği Yağı | Nadir Premium Uzmanlık Yağı,"Eco Natural İncir Çekirdeği Yağı'nı keşfedin, butik perakende, gourmet koleksiyonları ve premium sunum için tasarlanmış nadir ve zarif uzmanlık yağı."
BRD_6049.JPG,EN-SALAD-DRESSING-NA,Eco Natural Salata Sosu,eco-natural-salad-dressing,Cesur sunumu ve günlük kolaylığı ile kullanıma hazır salata sosu.,"Eco Natural Salata Sosu, raflardaki premium görünümü feda etmeden basit servis ve hızlı öğün hazırlama için yapılmıştır. Salatalar, sebze yemekleri ve hafif soğuk tabaklar arasında çalışır, günlük yemeklere lezzet ve bitirme eklemek için kolay bir yol sunar.",Eco Natural Salata Sosu | Kullanıma Hazır Mutfak Temel Öğesi,"Eco Natural Salata Sosu'nu alışveriş edin, salatalar, sebze yemekleri ve günlük servis için pratik ve premium kullanıma hazır susu."
BRD_6024.JPG,EN-EVOO-500ML-TIN,Eco Natural Sızma Zeytinyağı – 500 ml Kutu,eco-natural-extra-virgin-olive-oil-500ml-tin,Premium kalite ipuçları ile klasik kutuda birinci soğuk sıkılmış sızma zeytinyağı.,"Kutu formatında 500 ml Eco Natural Sızma Zeytinyağı, günlük pratikliği güçlü premium kimlik ile birleştirir. Ambalajında 0.2 asitlik ve 349 polifenol vurgulanmak üzere, normal kullanım, servis ve işlevsellik ve sunum değerlendiren mutfak rafları için yüksek kaliteli zeytinyağı olarak konumlandırılır.",Eco Natural Sızma Zeytinyağı 500 ml Kutu,"Eco Natural Sızma Zeytinyağı 500 ml Kutu'yu satın alın, birinci soğuk sıkılmış zeytinyağı, premium kalite ipuçları, 0.2 asitlik ve 349 polifenol."
BRD_6028.JPG,EN-EVOO-1L-TIN,Eco Natural Sızma Zeytinyağı – 1 L Kutu,eco-natural-extra-virgin-olive-oil-1l-tin,Düzenli ev ve mutfak kullanımı için tasarlanmış daha büyük format sızma zeytinyağı.,"Kutu formatında 1 L Eco Natural Sızma Zeytinyağı, aynı premium konumlandırmayı daha sık kullanım için uygun bir formatta sunar. Ambalajında 0.2 asitlik ve 349 polifenol vurgulanmak üzere, zeytinyağını günlük olarak kullanan haneler ve mutfaklar için kalite sunumu pratik hacimle dengeler.",Eco Natural Sızma Zeytinyağı 1 L Kutu,"Eco Natural Sızma Zeytinyağı 1 L Kutu'nu keşfedin, birinci soğuk sıkılmış zeytinyağı 0.2 asitlik, 349 polifenol ve pratik günlük hacim."
BRD_6074.JPG,EN-EH-EVOO-50CL-RECT,Eco Natural Erken Hasat Sızma Zeytinyağı – 50 cl,eco-natural-early-harvest-extra-virgin-olive-oil-50cl,Çarpıcı dikdörtgen cam şişede premium erken hasat sızma zeytinyağı.,"Bu Eco Natural erken hasat sızma zeytinyağı, servis, hediye ve yükseltilmiş raf sunumu için rafine premium ürün olarak konumlandırılır. 0.1 asitlik ve 500+ polifenol etiket üzerinde vurgulanmak üzere, güçlü kalite sinyalleri keskin, zarif şişe tasarımı ile birleşir.",Eco Natural Erken Hasat Sızma Zeytinyağı 50 cl,"Eco Natural Erken Hasat Sızma Zeytinyağı 50 cl'yi alışveriş edin, 0.1 asitlik, 500+ polifenol ve premium dikdörtgen şişe sunumu."
BRD_6075.JPG,EN-EH-EVOO-NA-SLIM,Eco Natural Erken Hasat Sızma Zeytinyağı – Ince Şişe,eco-natural-early-harvest-extra-virgin-olive-oil-slim-bottle,"Yüksek, zarif ince şişede sunulan premium erken hasat zeytinyağı.","Bu ince şişe formatında Eco Natural Erken Hasat Sızma Zeytinyağı, özel perakende ve hediye yönelimli koleksiyonlarda öne çıkmak için tasarlanmıştır. Etiket 0.1 asitlik ve 500+ polifenol vurgular, premium kalite mesajını temiz, uzatılmış siluet ile eşleştirin.",Eco Natural Erken Hasat Sızma Zeytinyağı | İnce Şişe,"Eco Natural Erken Hasat Sızma Zeytinyağı'nı ince premium şişede keşfedin, 0.1 asitlik, 500+ polifenol ve zarif raf varlığı."
BRD_6058.JPG,EN-EH-EVOO-NA-OVAL,Eco Natural Erken Hasat Sızma Zeytinyağı – Oval Şişe,eco-natural-early-harvest-extra-virgin-olive-oil-oval-bottle,Artizanal stillenme ve öne çıkıcı görsel karakter ile dekoratif premium zeytinyağı.,"Bu özel Eco Natural erken hasat zeytinyağı varyantı, premium görüntü, hediye ve butik raf cazibesi için tasarlanmıştır. 0.1 asitlik ve 500+ polifenol serisi ile ilişkili olarak, oval şişe ve dekoratif stil, belirgin bir artizanal varlık verir.",Eco Natural Erken Hasat Sızma Zeytinyağı | Oval Premium Şişe,"Eco Natural Erken Hasat Sızma Zeytinyağı'nı oval dekoratif şişede keşfedin, premium hediye cazibesi ve rafine sunumu."
BRD_6065.JPG,EN-EH-EVOO-70CL-TEARDROP,Eco Natural Erken Hasat Sızma Zeytinyağı – 70 cl,eco-natural-early-harvest-extra-virgin-olive-oil-70cl-teardrop,Heykeltıraşlık damlacık-tarz cam şişede premium erken hasat sızma zeytinyağı.,"70 cl damlacık şişede Eco Natural Erken Hasat Sızma Zeytinyağı, premium kalite ipuçları görsel olarak ayırıcı sunumu birleştirir. 0.1 asitlik ve 500+ polifenol etiket üzerinde özelliğe sahip olarak, gourmet kullanım, zarif masalar ve lüks hediye için tasarlanmıştır.",Eco Natural Erken Hasat Sızma Zeytinyağı 70 cl,"Eco Natural Erken Hasat Sızma Zeytinyağı 70 cl'yi satın alın, 0.1 asitlik, 500+ polifenol ve heykeltıraşlık premium şişe tasarımı."
BRD_6068.JPG,EN-EH-EVOO-NA-DECO-SQUARE,Eco Natural Erken Hasat Sızma Zeytinyağı – Dekoratif Kare Şişe,eco-natural-early-harvest-extra-virgin-olive-oil-decorative-square-bottle,Raf ve masada öne çıkmak için tasarlanmış dekoratif kare şişe premium zeytinyağı.,"Bu Eco Natural erken hasat zeytinyağı varyantı, premium seri rafine kimliğini daha dekoratif kare şişe sunumu ile eşleştirir. 0.1 asitlik ve 500+ polifenol erken hasat serisi yanında konumlandırılmış, butik görüntü, premium gıda hediyesi ve zarif mutfak sunumu için uygun.",Eco Natural Erken Hasat Sızma Zeytinyağı | Dekoratif Kare Şişe,"Eco Natural Erken Hasat Sızma Zeytinyağı'nı dekoratif kare şişede alışveriş edin, premium sunum ve erken hasat konumlandırması."
BRD_6071.JPG,EN-EH-EVOO-70CL-ROUND,Eco Natural Erken Hasat Sızma Zeytinyağı – 70 cl Yuvarlak Şişe,eco-natural-early-harvest-extra-virgin-olive-oil-70cl-round-bottle,Yuvarlak süslü cam şişede yüksek-uç erken hasat zeytinyağı.,"Bu 70 cl yuvarlak şişede Eco Natural Erken Hasat Sızma Zeytinyağı, masa, raf veya hediye seti için premium ifade parçası olarak tasarlanmıştır. 0.1 asitlik ve 500+ polifenol etiket üzerinde vurgulanmış, kalite güdülü konumlandırma ve ayırıcı süslü sunumu bir araya getirir.",Eco Natural Erken Hasat Sızma Zeytinyağı 70 cl | Yuvarlak Şişe,"Eco Natural Erken Hasat Sızma Zeytinyağı 70 cl'yi yuvarlak süslü şişede keşfedin, 0.1 asitlik ve 500+ polifenol."
BRD_6083.JPG,SH-EVOO-CHILI-250ML,Şirince Biber Sızma Zeytinyağı – 250 ml,sirince-chili-extra-virgin-olive-oil-250ml,"Sıcak, canlı bitirme için biberle kaynatılmış soğuk sıkılmış sızma zeytinyağı.","Şirince Biber Sızma Zeytinyağı, temiz zeytinyağı tabanını yemeği ezmeyen hafif baharatlı profil ile birleştirir. Özellikle pizza, pasta, ızgara sebzeler, meze ve biraz ısının derinlik kattığı bitirme uygulamaları için çok uygundur.",Şirince Biber Sızma Zeytinyağı 250 ml,"Şirince Biber Sızma Zeytinyağı 250 ml'yi satın alın, damlatma ve servis için cesur, sıcak bitirme ile soğuk sıkılmış kaynatılmış zeytinyağı."
BRD_6085.JPG,SH-EVOO-GARLIC-250ML,Şirince Sarımsak Sızma Zeytinyağı – 250 ml,sirince-garlic-extra-virgin-olive-oil-250ml,Tatlı Akdeniz karakteri ile sarımsak kaynatılmış soğuk sıkılmış zeytinyağı.,"Şirince Sarımsak Sızma Zeytinyağı, günlük yemeklerde kolay lezzet oluşturmak için hazırlanmıştır. Aromatik sarımsak profili, daha derin tatlı notu istenen marine edilen soslar, ızgara sebzeler, ekmekler, pasta ve salatalar için doğal seçimdir.",Şirince Sarımsak Sızma Zeytinyağı 250 ml,"Şirince Sarımsak Sızma Zeytinyağı 250 ml'yi keşfedin, salatalar, marine edilen soslar, ekmekler ve Akdeniz pişirmesi için ideal soğuk sıkılmış kaynatılmış yağ."
BRD_6087.JPG,SH-EVOO-ROSEMARY-250ML,Şirince Biberiye Sızma Zeytinyağı – 250 ml,sirince-rosemary-extra-virgin-olive-oil-250ml,Kokulu bitki profili ile biberiye kaynatılmış soğuk sıkılmış zeytinyağı.,"Şirince Biberiye Sızma Zeytinyağı, tatlı yemeklere ve zarif servis anlarına temiz botaniksel not ekler. Özellikle ızgara sebzeler, patates, ızgara etler, focaccia ve temiz bitki dokunuşu yararlı bitirme uygulamalarıyla iyi eşleşir.",Şirince Biberiye Sızma Zeytinyağı 250 ml,"Şirince Biberiye Sızma Zeytinyağı 250 ml'yi alışveriş edin, ızgara yemekleri, gourmet servis ve Akdeniz yemekleri için soğuk sıkılmış bitki kaynatılmış yağ."
BRD_6078.JPG,SH-EVOO-MANDARIN-250ML,Şirince Bodrum Mandalina Sızma Zeytinyağı – 250 ml,sirince-bodrum-mandarin-extra-virgin-olive-oil-250ml,Parlak Bodrum mandalina karakteri ile soğuk sıkılmış sızma zeytinyağı.,"Şirince Bodrum Mandalina Sızma Zeytinyağı, sitrus tazeliğini zeytinyağı kategorisine hafif, ayırıcı profil ile getirir. Özellikle salatalar, deniz ürünleri, yaratıcı soslar ve temiz, aromatik bitirme yemeği kaldırabilen ön yemekler için uygundur.",Şirince Bodrum Mandalina Sızma Zeytinyağı 250 ml,"Şirince Bodrum Mandalina Sızma Zeytinyağı 250 ml'yi keşfedin, salatalar, deniz ürünleri ve taze servis için soğuk sıkılmış sitrus kaynatılmış yağ."
BRD_6082.JPG,SH-EVOO-PLAIN-250ML,Şirince Sade Sızma Zeytinyağı – 250 ml,sirince-plain-extra-virgin-olive-oil-250ml,Temiz lezzet ve günlük çok yönlülük ile klasik soğuk sıkılmış sızma zeytinyağı.,"Şirince Sade Sızma Zeytinyağı, kahvaltı masaları, salatalar, basit pişirme ve bitirme arasında günlük kullanım için yapılan güvenilir mutfak temel öğesidir. İleri doğal profili ve premium sunumu, hem ev kullanımı hem de perakende rafları için kolay uyum.",Şirince Sade Sızma Zeytinyağı 250 ml,"Şirince Sade Sızma Zeytinyağı 250 ml'yi satın alın, temiz lezzet ve çok yönlü mutfak kullanımı ile soğuk sıkılmış günlük zeytinyağı."
BRD_6093.JPG,EN-TURKISH-DELIGHT-GIFT-BOX-NA,Eco Natural Doğal Tatlı Lokum Hediye Kutusu,eco-natural-natural-sweet-turkish-delight-gift-box,Canlı sunum ve modern doğal branding ile premium lokum hediye kutusu.,"Eco Natural Doğal Tatlı Lokum Hediye Kutusu, hediye, özel raflar ve geleneksel tatlının daha yükseltilmiş sunumu arayan müşteriler için tasarlanmıştır. Renkli görsel kimliği, Antalya branding ve cilalanmış ambalajı, hediyelik perakende, premium seçkiler ve şenlik etkinlikleri için uygun.",Eco Natural Lokum Hediye Kutusu | Doğal Tatlı,"Eco Natural Doğal Tatlı Lokum Hediye Kutusu'nu keşfedin, zarif sunum ve hediye cazibesi ile premium Antalya-markalamalı tatlı hediye kutusu."
